{"range": [-6.0, 6.0], "zoneData": [[-0.17040625000000048, -0.1817421874999989, 0.772382812500016, 1.8360156249999569, 1.1619609374999615, -0.45544531249998044, -0.06636718749999745, -0.1391484375, 0.46271874999999707, 0.9352578125000355, 0.6545156249999997, -0.3332812499999923, 1.115609375000037, -0.6037265624999998, -1.2720000000000384, 0.2954296875000026, -1.1654218750000143, 0.8062812499999856, -0.9629374999999832, 0.441890625000009, -0.5979453124999856, -0.0379218750000006, -0.33694531250000914, -0.0028046875000003265, -0.3769921875000089, -0.24067968749999782, -0.01756250000000001, -0.2630624999999974, -0.12399999999999481, -1.6320625000000322, 0.31688281250001465, 2.4954140625000045, -0.6247187500000188, 0.39479687500000926, 0.9208984374999823, 0.75996875, -0.24480468749999107, -0.8324687499999817, 1.3160468750000356, 0.13937499999999992, 1.5324687500000007, 1.4702109374999637, -0.4648359374999905, 0.9057500000000371, 0.8976640625000182, 2.3019687500000763, 1.8655468749999504, 1.18608593749999, 2.4569453124999265, 1.023570312500036, 2.1439765624999634, 2.000828125000038, 2.894679687499928, 2.576546875000074, 0.7707500000000005, 4.2498046875, 3.8255234374999323, 3.5698515625000753, 2.924093750000047, 2.9580468749999533, 3.8138437500000033, 4.517921874999995, 4.769914062500043, 2.049531249999963, 3.462445312500075, 3.2761562499999997, 6.046023437500152], [-0.4794296874999979, 0.004421874999999948, -0.27113281249999993, 0.9087812500000011, -0.005749999999999971, -0.45408593750000037, -0.9464374999999987, 0.4171171874999996, 0.13305468750000043, 0.4901406249999997, 0.21814062500000014, 0.4034453125000004, 0.8891875000000001, 0.6542421875000005, -0.6250546874999993, -0.6098593749999985, -0.790242187500001, 0.6984140625000005, -0.059734375000000096, -0.803406249999999, -0.2586093749999999, -0.14978906250000024, -1.154125, 0.49450000000000016, -0.25053906249999963, 0.7042343750000011, -0.4680624999999994, 0.5555156249999995, 0.08334375000000004, -0.1786171875, 0.3723750000000002, 1.8901796875000059, -0.1445000000000003, 1.106796875000001, 0.2185624999999991, -0.1890703125000006, 0.5091328124999995, 0.09745312500000027, 1.2745468750000015, 1.2558828125000014, 1.1847578124999971, 1.2481171874999977, 0.35447656250000054, 0.8426484374999995, 0.6926093750000027, 2.081148437499998, 0.7913359375000013, 1.785437499999999, 1.4948906250000005, 1.165093749999998, 1.6009843749999981, 1.6604296874999984, 1.9569140624999948, 2.4978515625000015, 1.5899374999999991, 2.6903984375000007, 2.040249999999997, 2.7490234374999987, 2.102367187500005, 1.3026328125000015, 2.3010859375000017, 2.3201093750000004, 1.854570312500008, 2.1139609375000057, 2.603078124999998, 2.787312499999993, 3.416500000000001], [0.04114062499999993, 0.23831250000000054, 0.3125625000000004, 0.36163281249999985, -0.13397656249999998, 0.48486718750000113, -0.24557031249999975, -0.06440624999999969, 0.20025000000000012, 0.008281250000000026, -0.0362656249999999, 0.45220312500000004, 0.3434218750000007, 0.3601875000000003, -0.28075000000000006, -0.19106249999999983, 0.15122656249999977, 0.014710937499999955, -0.14818749999999994, -0.5998359374999995, -0.13664062500000004, -0.06606249999999973, -0.4117656250000005, 0.15555468750000043, -0.3271875000000002, 0.08457031249999998, -0.6217812500000008, 0.1360546875, -0.1269453125000003, 0.1843593749999997, -0.09714062499999997, 0.3210234375000004, -0.035390625000000106, 0.1824531249999998, -0.2399375, -0.23542187500000028, 0.10311718750000004, 0.12106250000000006, 0.3348046874999997, 0.6676875000000005, 1.1844765625000004, 0.6782968749999995, 0.1725078125000003, -0.23853906249999998, 0.9176874999999987, 0.76959375, 0.16597656250000006, 0.6647812499999997, 1.423195312500002, 1.5237265625000016, 1.1541640625000014, 1.2872499999999996, 1.2190937500000005, 0.8843437500000011, 1.3775937499999968, 1.1787109375000038, 1.4543515625000014, 1.4889843750000036, 1.2533125000000012, 1.1552734374999993, 1.2889218749999993, 1.1232187499999997, 1.4933359375000024, 1.4506249999999985, 1.4529218750000001, 2.005250000000002, 1.9251406250000014], [-0.33584375000000033, 0.050171875000000025, 0.13571093749999993, 0.106578125, -0.07389843749999994, -0.22163281249999986, -0.39864843749999945, -0.0583125, 0.4319921874999996, 0.13653906249999975, 0.27899218749999977, -0.022726562499999887, 0.030765625000000046, 0.2001406250000001, -0.15635937500000005, -0.23628906250000006, 0.2787968750000003, -0.16379687500000015, -0.014460937499999963, 0.43693750000000015, 0.08939843750000007, -0.42909375000000044, -0.26421093749999963, 0.024437500000000098, -0.34885937500000086, -0.42514843749999814, -0.34875000000000017, 0.08395312500000002, 0.13689843749999983, 0.30646874999999985, 0.4341484375000003, 0.3657812499999994, 0.10008593750000003, 0.16537500000000085, 0.12332031250000011, 0.15485937500000016, 0.20416406249999952, 0.6918671875000008, 0.6268281249999994, 0.23943749999999991, 0.5246796875000006, 0.388578125, 0.04767187499999992, 0.3217578124999998, 0.40557812499999985, 0.6726718749999988, 0.5691328124999995, 0.6481406249999998, 1.0633984375000003, 0.6734296875000011, 0.5633359374999992, 0.9217421874999997, 0.8787421874999994, 1.0132968750000007, 0.9829218750000017, 1.0456796874999965, 0.994234375000001, 0.9464453124999987, 0.7287578124999992, 1.1686250000000018, 1.373398437499999, 0.7705859374999997, 0.8903906249999984, 1.065367187499999, 1.2932500000000011, 1.5789765625000027, 1.7522265624999978], [-0.6169218749999996, 0.06506249999999998, -0.04146875000000004, 0.1993281250000003, -0.5136249999999991, -0.6896093749999997, -0.5804921874999996, 0.26749999999999974, 0.4281953125000002, 0.10017968749999971, -0.04195312500000005, -0.11864843750000009, -0.14862500000000015, 0.28623437500000054, -0.3488359375000002, 0.045437500000000124, 0.19593750000000015, -0.3402343750000003, -0.07883593749999997, 0.6436562500000005, 0.03068750000000003, -0.6067656250000005, 0.5205234375000011, 0.2273437500000006, -0.43870312499999947, -0.5059453125000004, -0.11709374999999997, 0.3608437499999993, 0.14173437500000002, 0.5332812500000002, 0.5265859374999995, 0.29075781250000055, 0.6996406250000006, 0.998492187500002, 0.17272656249999996, 0.027054687500000098, 0.4487656250000006, 1.3247499999999985, 0.5338281249999999, 0.22585156249999996, 0.757929687500001, 0.8892890625000008, 0.7406093750000019, 0.7061250000000009, 0.6661093749999992, 0.7728984374999994, 0.5065859375000007, 1.2284999999999993, 1.424007812499998, 0.29299218749999983, 0.42613281250000007, 0.7454921875000002, 1.2062265624999986, 1.2204453125000003, 1.1197499999999996, 1.1442343750000008, 1.111546875000002, 0.836093749999999, 0.6645625000000012, 1.2962109374999997, 1.2432499999999995, 0.6754140625, 0.9776484375000009, 1.0012968750000015, 1.2763203124999993, 1.884078125, 1.7935468749999999], [-0.2403750000000004, -0.3971875000000005, 0.08676562500000008, -0.013515625000000005, -0.4199218749999995, -0.5567812499999996, -0.5937499999999993, 0.02914062500000002, 0.10392968749999992, 0.09182031250000008, -0.10499218750000006, 0.13390624999999978, -0.052734375000000104, -0.05505468749999963, -0.25569531250000005, -0.1035234375000004, -0.1968984375000002, -0.15553906249999983, -0.28604687499999976, 0.37960937500000025, 0.16787499999999983, -0.16775000000000004, 0.409140625, 0.5981484375000004, -0.07607812499999968, -0.0290859375, -0.10645312499999994, 0.4114140624999995, 0.17188281250000007, 0.42183593749999954, 0.5638671875000003, 0.28395312500000025, 0.3352187500000001, 0.7432734375000001, 0.5823984375000004, 0.4642968750000008, 0.5037265625, 0.8129375000000002, 0.8847812500000003, 0.45021093750000024, 0.6092890625000009, 0.6315468749999988, 0.5194453125000004, 0.5478437500000001, 0.5470624999999993, 0.7899609374999996, 0.6430390625000006, 0.6917187500000003, 1.1161484375000004, 0.7039374999999997, 0.6394999999999994, 0.8577109375000002, 1.0653906249999996, 1.063867187500001, 0.9077890624999997, 1.1350234375, 0.9654453124999995, 