{"temperature": {"domain": [1880, 2016], "data": [[1880, -0.13, "#6687bc", 0.22463768115942032, 0], [1881, -0.08, "#6a85b7", 0.2608695652173913, 0], [1882, -0.08, "#6a85b7", 0.2608695652173913, 0], [1883, -0.15, "#6488bd", 0.21014492753623193, 0], [1884, -0.21, "#5f8ac3", 0.16666666666666669, 0], [1885, -0.23, "#5d8bc5", 0.15217391304347827, 0], [1886, -0.21, "#5f8ac3", 0.16666666666666669, 0], [1887, -0.26, "#5a8cc7", 0.13043478260869565, 0], [1888, -0.15, "#6488bd", 0.21014492753623193, 0], [1889, -0.11, "#6786ba", 0.23913043478260873, 0], [1890, -0.33, "#548fce", 0.07971014492753623, 0], [1891, -0.26, "#5a8cc7", 0.13043478260869565, 0], [1892, -0.31, "#568ecc", 0.09420289855072465, 0], [1893, -0.32, "#558fcd", 0.08695652173913043, 0], [1894, -0.28, "#598dc9", 0.11594202898550723, 0], [1895, -0.22, "#5e8bc4", 0.15942028985507248, 0], [1896, -0.09, "#6985b8", 0.2536231884057971, 0], [1897, -0.12, "#6787bb", 0.23188405797101452, 0], [1898, -0.26, "#5a8cc7", 0.13043478260869565, 0], [1899, -0.12, "#6787bb", 0.23188405797101452, 0], [1900, -0.07, "#6b84b6", 0.26811594202898553, 0], [1901, -0.14, "#6587bd", 0.2173913043478261, 0], [1902, -0.25, "#5b8cc6", 0.13768115942028986, 0], [1903, -0.34, "#538fcf", 0.07246376811594202, 0], [1904, -0.42, "#4c93d6", 0.01449275362318842, 0], [1905, -0.29, "#588dca", 0.10869565217391307, 0], [1906, -0.22, "#5e8bc4", 0.15942028985507248, 0], [1907, -0.37, "#5191d1", 0.05072463768115943, 0], [1908, -0.44, "#4b94d8", 0.0, 0], [1909, -0.43, "#4b93d7", 0.00724637681159421, 0], [1910, -0.38, "#5091d2", 0.043478260869565216, 0], [1911, -0.44, "#4b94d8", 0.0, 0], [1912, -0.33, "#548fce", 0.07971014492753623, 0], [1913, -0.32, "#558fcd", 0.08695652173913043, 0], [1914, -0.14, "#6587bd", 0.2173913043478261, 0], [1915, -0.07, "#6b84b6", 0.26811594202898553, 0], [1916, -0.29, "#588dca", 0.10869565217391307, 0], [1917, -0.32, "#558fcd", 0.08695652173913043, 0], [1918, -0.21, "#5f8ac3", 0.16666666666666669, 0], [1919, -0.2, "#608ac2", 0.17391304347826086, 0], [1920, -0.21, "#5f8ac3", 0.16666666666666669, 0], [1921, -0.15, "#6488bd", 0.21014492753623193, 0], [1922, -0.23, "#5d8bc5", 0.15217391304347827, 0], [1923, -0.22, "#5e8bc4", 0.15942028985507248, 0], [1924, -0.25, "#5b8cc6", 0.13768115942028986, 0], [1925, -0.15, "#6488bd", 0.21014492753623193, 0], [1926, -0.06, "#6c84b5", 0.2753623188405797, 0], [1927, -0.15, "#6488bd", 0.21014492753623193, 0], [1928, -0.17, "#6289bf", 0.19565217391304351, 0], [1929, -0.3, "#578ecb", 0.10144927536231886, 0], [1930, -0.1, "#6886b9", 0.24637681159420288, 0], [1931, -0.07, "#6b84b6", 0.26811594202898553, 0], [1932, -0.12, "#6787bb", 0.23188405797101452, 0], [1933, -0.25, "#5b8cc6", 0.13768115942028986, 0], [1934, -0.11, "#6786ba", 0.23913043478260873, 0], [1935, -0.14, "#6587bd", 0.2173913043478261, 0], [1936, -0.11, "#6786ba", 0.23913043478260873, 0], [1937, -0.02, "#6f82b2", 0.30434782608695654, 0], [1938, -0.03, "#6e83b3", 0.29710144927536236, 0], [1939, -0.01, "#7082b1", 0.3115942028985507, 0], [1940, 0.09, "#797ea8", 0.3840579710144928, 1], [1941, 0.2, "#837a9e", 0.46376811594202905, 1], [1942, 0.15, "#7e7ca2", 0.427536231884058, 0], [1943, 0.16, "#7f7ba2", 0.4347826086956522, 0], [1944, 0.29, "#8b7696", 0.5289855072463768, 1], [1945, 0.17, "#807ba1", 0.4420289855072464, 0], [1946, -0.0, "#7182b0", 0.31884057971014496, 0], [1947, -0.05, "#6d84b4", 0.28260869565217395, 0], [1948, -0.05, "#6d84b4", 0.28260869565217395, 0], [1949, -0.06, "#6c84b5", 0.2753623188405797, 0], [1950, -0.16, "#6388be", 0.20289855072463772, 0], [1951, -0.01, "#7082b1", 0.3115942028985507, 0], [1952, 0.03, "#7480ad", 0.34057971014492755, 0], [1953, 0.1, "#7a7ea7", 0.39130434782608703, 0], [1954, -0.11, "#6786ba", 0.23913043478260873, 0], [1955, -0.13, "#6687bc", 0.22463768115942032, 0], [1956, -0.2, "#608ac2", 0.17391304347826086, 0], [1957, 0.05, "#7580ab", 0.35507246376811596, 0], [1958, 0.11, "#7b7da6", 0.3985507246376812, 0], [1959, 0.06, "#767fab", 0.3623188405797102, 0], [1960, 0.02, "#7381ae", 0.33333333333333337, 0], [1961, 0.08, "#787ea9", 0.3768115942028986, 0], [1962, 0.09, "#797ea8", 0.3840579710144928, 0], [1963, 0.11, "#7b7da6", 0.3985507246376812, 0], [1964, -0.15, "#6488bd", 0.21014492753623193, 0], [1965, -0.08, "#6a85b7", 0.2608695652173913, 0], [1966, -0.02, "#6f82b2", 0.30434782608695654, 0], [1967, -0.01, "#7082b1", 0.3115942028985507, 0], [1968, -0.03, "#6e83b3", 0.29710144927536236, 0], [1969, 0.09, "#797ea8", 0.3840579710144928, 0], [1970, 0.04, "#7580ac", 0.34782608695652173, 0], [1971, -0.08, "#6a85b7", 0.2608695652173913, 0], [1972, 0.03, "#7480ad", 0.34057971014492755, 0], [1973, 0.16, "#7f7ba2", 0.4347826086956522, 0], [1974, -0.07, "#6b84b6", 0.26811594202898553, 0], [1975, 0.0, "#7182b0", 0.31884057971014496, 0], [1976, -0.08, "#6a85b7", 0.2608695652173913, 0], [1977, 0.2, "#837a9e", 0.46376811594202905, 0], [1978, 0.11, "#7b7da6", 0.3985507246376812, 0], [1979, 0.23, "#85789b", 0.48550724637681164, 0], [1980, 0.26, "#887799", 0.5072463768115942, 0], [1981, 0.3, "#8b7595", 0.5362318840579711, 1], [1982, 0.18, "#817aa0", 0.44927536231884063, 0], [1983, 0.34, "#8f7491", 0.5652173913043479, 1], [1984, 0.15, "#7e7ca2", 0.427536231884058, 0], [1985, 0.13, "#7c7ca4", 0.4130434782608696, 0], [1986, 0.23, "#85789b", 0.48550724637681164, 0], [1987, 0.37, "#92738f", 0.5869565217391305, 1], [1988, 0.38, "#92728e", 0.5942028985507247, 1], [1989, 0.3, "#8b7595", 0.5362318840579711, 0], [1990, 0.43, "#977089", 0.6304347826086957, 1], [1991, 0.4, "#94718c", 0.6086956521739132, 0], [1992, 0.25, "#87789a", 0.5, 0], [1993, 0.28, "#8a7697", 0.5217391304347826, 0], [1994, 0.34, "#8f7491", 0.5652173913043479, 0], [1995, 0.46, "#996f87", 0.6521739130434784, 1], [1996, 0.32, "#8d7593", 0.5507246376811594, 0], [1997, 0.52, "#9f6d81", 0.6956521739130435, 1], [1998, 0.63, "#a86877", 0.7753623188405798, 1], [1999, 0.44, "#987088", 0.6376811594202899, 0], [2000, 0.43, "#977089", 0.6304347826086957, 0], [2001, 0.55, "#a16b7f", 0.7173913043478262, 0], [2002, 0.6, "#a6697a", 0.7536231884057972, 0], [2003, 0.61, "#a76979", 0.7608695652173914, 0], [2004, 0.58, "#a46a7c", 0.7391304347826088, 0], [2005, 0.66, "#ab6775", 0.7971014492753624, 1], [2006, 0.62, "#a76878", 0.7681159420289856, 0], [2007, 0.61, "#a76979", 0.7608695652173914, 0], [2008, 0.54, "#a06c7f", 0.7101449275362319, 0], [2009, 0.64, "#a96876", 0.7826086956521741, 0], [2010, 0.7, "#ae6571", 0.8260869565217391, 1], [2011, 0.58, "#a46a7c", 0.7391304347826088, 0], [2012, 0.63, "#a86877", 0.7753623188405798, 0], [2013, 0.67, "#ac6674", 0.8043478260869567, 0], [2014, 0.74, "#b2646d", 0.855072463768116, 1], [2015, 0.9, "#c05d5f", 0.9710144927536233, 1], [2016, 0.94, "#c45c5c", 1.0, 1]], "range": [-0.44, 0.94], "baseline": 13.9}}