{"temperature": {"domain": [1880, 2016], "data": [[1880, -0.2, "#6886ba", 0.24000000000000005, 0], [1881, -0.1, "#6c84b5", 0.28, 0], [1882, -0.1, "#6c84b5", 0.28, 0], [1883, -0.3, "#6388bf", 0.2, 0], [1884, -0.4, "#5e8bc4", 0.16, 0], [1885, -0.4, "#5e8bc4", 0.16, 0], [1886, -0.4, "#5e8bc4", 0.16, 0], [1887, -0.5, "#598dc9", 0.12000000000000002, 0], [1888, -0.3, "#6388bf", 0.2, 0], [1889, -0.2, "#6886ba", 0.24000000000000005, 0], [1890, -0.6, "#548fce", 0.08000000000000003, 0], [1891, -0.5, "#598dc9", 0.12000000000000002, 0], [1892, -0.6, "#548fce", 0.08000000000000003, 0], [1893, -0.6, "#548fce", 0.08000000000000003, 0], [1894, -0.5, "#598dc9", 0.12000000000000002, 0], [1895, -0.4, "#5e8bc4", 0.16, 0], [1896, -0.2, "#6886ba", 0.24000000000000005, 0], [1897, -0.2, "#6886ba", 0.24000000000000005, 0], [1898, -0.5, "#598dc9", 0.12000000000000002, 0], [1899, -0.2, "#6886ba", 0.24000000000000005, 0], [1900, -0.1, "#6c84b5", 0.28, 0], [1901, -0.3, "#6388bf", 0.2, 0], [1902, -0.5, "#598dc9", 0.12000000000000002, 0], [1903, -0.6, "#548fce", 0.08000000000000003, 0], [1904, -0.8, "#4b94d8", 0.0, 0], [1905, -0.5, "#598dc9", 0.12000000000000002, 0], [1906, -0.4, "#5e8bc4", 0.16, 0], [1907, -0.7, "#4f91d3", 0.040000000000000036, 0], [1908, -0.8, "#4b94d8", 0.0, 0], [1909, -0.8, "#4b94d8", 0.0, 0], [1910, -0.7, "#4f91d3", 0.040000000000000036, 0], [1911, -0.8, "#4b94d8", 0.0, 0], [1912, -0.6, "#548fce", 0.08000000000000003, 0], [1913, -0.6, "#548fce", 0.08000000000000003, 0], [1914, -0.3, "#6388bf", 0.2, 0], [1915, -0.1, "#6c84b5", 0.28, 0], [1916, -0.5, "#598dc9", 0.12000000000000002, 0], [1917, -0.6, "#548fce", 0.08000000000000003, 0], [1918, -0.4, "#5e8bc4", 0.16, 0], [1919, -0.4, "#5e8bc4", 0.16, 0], [1920, -0.4, "#5e8bc4", 0.16, 0], [1921, -0.3, "#6388bf", 0.2, 0], [1922, -0.4, "#5e8bc4", 0.16, 0], [1923, -0.4, "#5e8bc4", 0.16, 0], [1924, -0.5, "#598dc9", 0.12000000000000002, 0], [1925, -0.3, "#6388bf", 0.2, 0], [1926, -0.1, "#6c84b5", 0.28, 0], [1927, -0.3, "#6388bf", 0.2, 0], [1928, -0.3, "#6388bf", 0.2, 0], [1929, -0.5, "#598dc9", 0.12000000000000002, 0], [1930, -0.2, "#6886ba", 0.24000000000000005, 0], [1931, -0.1, "#6c84b5", 0.28, 0], [1932, -0.2, "#6886ba", 0.24000000000000005, 0], [1933, -0.5, "#598dc9", 0.12000000000000002, 0], [1934, -0.2, "#6886ba", 0.24000000000000005, 0], [1935, -0.3, "#6388bf", 0.2, 0], [1936, -0.2, "#6886ba", 0.24000000000000005, 0], [1937, -0.0, "#7182b0", 0.32, 0], [1938, -0.1, "#6c84b5", 0.28, 0], [1939, -0.0, "#7182b0", 0.32, 0], [1940, 0.2, "#7b7da6", 0.4, 1], [1941, 0.4, "#85799c", 0.4800000000000001, 1], [1942, 0.3, "#807ba1", 0.44000000000000006, 0], [1943, 0.3, "#807ba1", 0.44000000000000006, 0], [1944, 0.5, "#897697", 0.52, 1], [1945, 0.3, "#807ba1", 0.44000000000000006, 0], [1946, -0.0, "#7182b0", 0.32, 0], [1947, -0.1, "#6c84b5", 0.28, 0], [1948, -0.1, "#6c84b5", 0.28, 0], [1949, -0.1, "#6c84b5", 0.28, 0], [1950, -0.3, "#6388bf", 0.2, 0], [1951, -0.0, "#7182b0", 0.32, 0], [1952, 0.1, "#767fab", 0.36, 0], [1953, 0.2, "#7b7da6", 0.4, 0], [1954, -0.2, "#6886ba", 0.24000000000000005, 0], [1955, -0.2, "#6886ba", 0.24000000000000005, 0], [1956, -0.4, "#5e8bc4", 0.16, 0], [1957, 0.1, "#767fab", 0.36, 0], [1958, 0.2, "#7b7da6", 0.4, 0], [1959, 0.1, "#767fab", 0.36, 0], [1960, 0.0, "#7182b0", 0.32, 0], [1961, 0.1, "#767fab", 0.36, 0], [1962, 0.2, "#7b7da6", 0.4, 0], [1963, 0.2, "#7b7da6", 0.4, 0], [1964, -0.3, "#6388bf", 0.2, 0], [1965, -0.1, "#6c84b5", 0.28, 0], [1966, -0.0, "#7182b0", 0.32, 0], [1967, -0.0, "#7182b0", 0.32, 0], [1968, -0.1, "#6c84b5", 0.28, 0], [1969, 0.2, "#7b7da6", 0.4, 0], [1970, 0.1, "#767fab", 0.36, 0], [1971, -0.1, "#6c84b5", 0.28, 0], [1972, 0.1, "#767fab", 0.36, 0], [1973, 0.3, "#807ba1", 0.44000000000000006, 0], [1974, -0.1, "#6c84b5", 0.28, 0], [1975, 0.0, "#7182b0", 0.32, 0], [1976, -0.1, "#6c84b5", 0.28, 0], [1977, 0.4, "#85799c", 0.4800000000000001, 0], [1978, 0.2, "#7b7da6", 0.4, 0], [1979, 0.4, "#85799c", 0.4800000000000001, 0], [1980, 0.5, "#897697", 0.52, 0], [1981, 0.5, "#897697", 0.52, 0], [1982, 0.3, "#807ba1", 0.44000000000000006, 0], [1983, 0.6, "#8e7492", 0.5599999999999999, 1], [1984, 0.3, "#807ba1", 0.44000000000000006, 0], [1985, 0.2, "#7b7da6", 0.4, 0], [1986, 0.4, "#85799c", 0.4800000000000001, 0], [1987, 0.7, "#93728d", 0.6, 1], [1988, 0.7, "#93728d", 0.6, 0], [1989, 0.5, "#897697", 0.52, 0], [1990, 0.8, "#987088", 0.64, 1], [1991, 0.7, "#93728d", 0.6, 0], [1992, 0.5, "#897697", 0.52, 0], [1993, 0.5, "#897697", 0.52, 0], [1994, 0.6, "#8e7492", 0.5599999999999999, 0], [1995, 0.8, "#987088", 0.64, 0], [1996, 0.6, "#8e7492", 0.5599999999999999, 0], [1997, 0.9, "#9d6d83", 0.68, 1], [1998, 1.1, "#a66979", 0.76, 1], [1999, 0.8, "#987088", 0.64, 0], [2000, 0.8, "#987088", 0.64, 0], [2001, 1.0, "#a26b7e", 0.72, 0], [2002, 1.1, "#a66979", 0.76, 0], [2003, 1.1, "#a66979", 0.76, 0], [2004, 1.0, "#a26b7e", 0.72, 0], [2005, 1.2, "#ab6774", 0.8, 1], [2006, 1.1, "#a66979", 0.76, 0], [2007, 1.1, "#a66979", 0.76, 0], [2008, 1.0, "#a26b7e", 0.72, 0], [2009, 1.2, "#ab6774", 0.8, 0], [2010, 1.3, "#b0646f", 0.8400000000000001, 1], [2011, 1.0, "#a26b7e", 0.72, 0], [2012, 1.1, "#a66979", 0.76, 0], [2013, 1.2, "#ab6774", 0.8, 0], [2014, 1.3, "#b0646f", 0.8400000000000001, 0], [2015, 1.6, "#bf5e60", 0.9600000000000002, 1], [2016, 1.7, "#c45c5c", 1.0, 1]], "range": [-0.8, 1.7], "baseline": 25.020000000000003}}